Location,Recommended App
D41377B,Social Media
D73604C,Social Media
D11119B,Social Media
D17085A,Social Media
D72396C,Social Media
L41377B,Social Media
D11002B,Social Media
9.16456698599501E+015,Social Media
D92937A,Social Media
9.16456701058919E+015,Social Media
D78888C,Social Media
D88759A,Social Media
9.16456699548518E+015,Social Media
D92928A,Social Media
D11011B,Social Media
9.1645670130491E+015,Social Media
T11002B,Social Media
D93013C,Social Media
D88703C,Social Media
D72856B,Social Media
D21292A,Social Media
D11110B,Social Media
L70357B,Social Media
D72388A,Social Media
D11497B,Social Media
L11011A,Social Media
D34374C,Social Media
D73628A,Social Media
D88805C,Social Media
9.16456699781734E+015,Social Media
D35200B,Social Media
D79085A,Social Media
L88775B,Social Media
L70227A,Social Media
T12312C,Social Media
D93013A,Social Media
D74506B,Social Media
D93676B,Social Media
T88711B,Social Media
L11002B,Social Media
9.16456701048346E+015,Social Media
9.16456699728845E+015,Social Media
D79698C,Social Media
D79717B,Social Media
D79725C,Social Media
D21039C,Social Media
D85707A,Social Media
D74520A,Social Media
D74530C,Social Media
D88345B,Social Media
D41377B,Google
D17085A,Google
D72396C,Google
9.16456698599501E+015,Google
D11119B,Google
D73604C,Google
D11002B,Google
L70357B,Google
9.1645670130491E+015,Google
D92928A,Google
L11011A,Google
L41377B,Google
D78888C,Google
D92937A,Google
T88711B,Google
D72388A,Google
T11002B,Google
9.16456701058919E+015,Google
L88775B,Google
D88759A,Google
T42204B,Google
D11110B,Google
D11529A,Google
D93013C,Google
D73628A,Google
9.16456701048346E+015,Google
D74520A,Google
9.16456699781734E+015,Google
D79085A,Google
9.16456699548518E+015,Google
D11497B,Google
D50127B,Google
D93013A,Google
D93676B,Google
D35200B,Google
D88805C,Google
D92974C,Google
D34374C,Google
D42097A,Google
D21292A,Google
D88703C,Google
T11110B,Google
D73605A,Google
L70227A,Google
D50127C,Google
9.16456699728845E+015,Google
L74530B,Google
D11531B,Google
D11013C,Google
T12312C,Google
D41377B,Email
D73604C,Email
D17085A,Email
D72396C,Email
9.1645670130491E+015,Email
L41377B,Email
D11119B,Email
L70357B,Email
D11002B,Email
9.16456699548518E+015,Email
T88711B,Email
D72388A,Email
D88703C,Email
D73628A,Email
D92937A,Email
T11002B,Email
D88759A,Email
D50127B,Email
9.16456698599501E+015,Email
D11531B,Email
T11110B,Email
D79085A,Email
L11011A,Email
D79725C,Email
T42204B,Email
D11011B,Email
9.16456701058919E+015,Email
L88775B,Email
D11497B,Email
9.16456701048346E+015,Email
D34374C,Email
L74530B,Email
D21292A,Email
D72856B,Email
D88782A,Email
D88805C,Email
D93013A,Email
D11529A,Email
D78888C,Email
D42048A,Email
D11110B,Email
D92974C,Email
D92928A,Email
D35200B,Email
D74520A,Email
D41377A,Email
D93676B,Email
D92948C,Email
T12312C,Email
L70227A,Email
D41377B,Youtube
D17085A,Youtube
D73604C,Youtube
D72396C,Youtube
9.16456698599501E+015,Youtube
D11119B,Youtube
L41377B,Youtube
9.1645670130491E+015,Youtube
D92937A,Youtube
D11002B,Youtube
D92928A,Youtube
T11002B,Youtube
L11011A,Youtube
9.16456701048346E+015,Youtube
L70357B,Youtube
D79085A,Youtube
D11497B,Youtube
9.16456701058919E+015,Youtube
D88759A,Youtube
D11011B,Youtube
T88711B,Youtube
D93676B,Youtube
D21292A,Youtube
T11110B,Youtube
9.16456699548518E+015,Youtube
D72388A,Youtube
D92974C,Youtube
D11110B,Youtube
D73628A,Youtube
D34374C,Youtube
D88703C,Youtube
D53331A,Youtube
D93013C,Youtube
L88775B,Youtube
D50127B,Youtube
D11529A,Youtube
D78888C,Youtube
D73605A,Youtube
D88805C,Youtube
D79725C,Youtube
D88782A,Youtube
L70227A,Youtube
D35200B,Youtube
D74530C,Youtube
D42097A,Youtube
D85707B,Youtube
9.164566985995E+015,Youtube
D72856B,Youtube
D74520A,Youtube
D11113A,Youtube
D41377B,Netflix
9.16456698599501E+015,Netflix
D17085A,Netflix
D11119B,Netflix
D72396C,Netflix
L41377B,Netflix
D73604C,Netflix
9.1645670130491E+015,Netflix
D92928A,Netflix
D11002B,Netflix
D78888C,Netflix
L70357B,Netflix
9.16456699548518E+015,Netflix
T88711B,Netflix
D88759A,Netflix
D34374C,Netflix
D11497B,Netflix
T11110B,Netflix
L11011A,Netflix
L88775B,Netflix
T42204B,Netflix
D92937A,Netflix
9.16456701058919E+015,Netflix
D50127B,Netflix
D72388A,Netflix
D11110B,Netflix
D74520A,Netflix
D11011B,Netflix
D73628A,Netflix
D11531B,Netflix
L11002B,Netflix
D93013A,Netflix
D88805C,Netflix
D79085A,Netflix
D93676B,Netflix
9.16456699781734E+015,Netflix
D79725C,Netflix
D21292A,Netflix
D11529A,Netflix
T11002B,Netflix
D72856B,Netflix
L70227A,Netflix
L74530B,Netflix
D88703C,Netflix
L88794B,Netflix
9.16456701048346E+015,Netflix
D42048A,Netflix
D93055C,Netflix
D53331A,Netflix
D73531A,Netflix
D41377B,Gaming
D17085A,Gaming
9.16456698599501E+015,Gaming
L41377B,Gaming
D72396C,Gaming
D11119B,Gaming
9.1645670130491E+015,Gaming
D73604C,Gaming
D92928A,Gaming
D11002B,Gaming
D92937A,Gaming
T11002B,Gaming
D11011B,Gaming
T88711B,Gaming
D11497B,Gaming
D79085A,Gaming
L70357B,Gaming
9.16456701058919E+015,Gaming
L88775B,Gaming
D78888C,Gaming
D50127B,Gaming
D93013C,Gaming
D73628A,Gaming
D21292A,Gaming
T11110B,Gaming
D34374C,Gaming
D85707B,Gaming
D88759A,Gaming
D79698C,Gaming
D72856B,Gaming
D88805C,Gaming
9.16456701048346E+015,Gaming
L11002B,Gaming
D11529A,Gaming
L11011A,Gaming
9.164566985995E+015,Gaming
D53331A,Gaming
D11110B,Gaming
D79725C,Gaming
D73605A,Gaming
D93676B,Gaming
D41377A,Gaming
D93013A,Gaming
L74530B,Gaming
D72388A,Gaming
9.16456699548518E+015,Gaming
T42243B,Gaming
D93712B,Gaming
D42097A,Gaming
D74530B,Gaming
D41377B,Other
D17085A,Other
D72396C,Other
9.16456698599501E+015,Other
D73604C,Other
D11119B,Other
L41377B,Other
9.16456699548518E+015,Other
L11011A,Other
D11002B,Other
D78888C,Other
D11110B,Other
D21292A,Other
D88805C,Other
D92928A,Other
L88775B,Other
T88711B,Other
D11011B,Other
T11002B,Other
9.16456701058919E+015,Other
D72388A,Other
9.1645670130491E+015,Other
D93013A,Other
D92937A,Other
L70227A,Other
D50127B,Other
D85707B,Other
T42204B,Other
D11497B,Other
D79085A,Other
9.16456701048346E+015,Other
D79725C,Other
D88782A,Other
D93013C,Other
D11529A,Other
D93676B,Other
D88759A,Other
D11531B,Other
D16251B,Other
D74520A,Other
D93808A,Other
D73605B,Other
T12312C,Other
L88794B,Other
D88345B,Other
L11002B,Other
D73628A,Other
T76896C,Other
T11110B,Other
D11119A,Other
